<service name="StudentService" scope="application" targetNamespace="http://quickstart.samples/">
    <description>
        Student Service
    </description>
    <messageReceivers>
        <messageReceiver mep="http://www.w3.org/2004/08/wsdl/in-only"
                         class="org.apache.axis2.rpc.receivers.RPCInOnlyMessageReceiver"/>
        <messageReceiver mep="http://www.w3.org/2004/08/wsdl/in-out"
                         class="org.apache.axis2.rpc.receivers.RPCMessageReceiver"/>
    </messageReceivers>
    <schema schemaNamespace="http://quickstart.samples/xsd"/>
    <parameter name="ServiceClass">com.ss.service.StudentServiceImpl</parameter>
</service>