<?xml version="1.0" encoding="UTF-8"?>
<wls:weblogic-web-app
	xmlns:wls="http://xmlns.oracle.com/weblogic/weblogic-web-app"
	xmlns:xsi="http://www.w3.org/2001/XMLSchema-instance"
	xsi:schemaLocation="http://java.sun.com/xml/ns/javaee http://java.sun.com/xml/ns/javaee/web-app_2_5.xsd http://xmlns.oracle.com/weblogic/weblogic-web-app http://xmlns.oracle.com/weblogic/weblogic-web-app/1.7/weblogic-web-app.xsd">
	<wls:weblogic-version>12.1.3</wls:weblogic-version>
	
	<wls:container-descriptor>

		<!-- <wls:prefer-web-inf-classes>true</wls:prefer-web-inf-classes> -->
		<wls:prefer-application-packages>
			<wls:package-name>com.ctc.wstx.*</wls:package-name>
<!-- 			<wls:package-name>javax.xml.*</wls:package-name> -->
			<wls:package-name>org.apache.*</wls:package-name>
		</wls:prefer-application-packages>
	</wls:container-descriptor>
	<!-- <wls:charset-params> <wls:input-charset> <wls:resource-path>/*</wls:resource-path> 
		<wls:java-charset-name>UTF-8</wls:java-charset-name> </wls:input-charset> 
		</wls:charset-params> -->
	<wls:context-root>StudentService</wls:context-root>
</wls:weblogic-web-app>